	Unnamed: 0	Unnamed: 0.1	Unnamed: 0.1.1	author	clean_title	created_utc	domain	hasImage	id	image_url	linked_submission_id	num_comments	score	subreddit	title	upvote_ratio	2_way_label	3_way_label	6_way_label
0	0			buzzly6	virginia first lady criticized for handing cotton to black students on mansion tour	1551315703.0	philly.com	False	avkxum			2.0	16	nottheonion	Virginia first lady criticized for handing cotton to black students on mansion tour	0.69	1	0	0
1	1				jason falconer reluctant hero stopped mall attack cnni	1474326323.0	cnn.it	False	53kdz3			0.0	7	upliftingnews	Jason Falconer: Reluctant hero stopped mall attack @CNNI	0.77	1	0	0
2	2	75691.0	335711.0	myternity		1497066939.0		True	diperbi	http://i.imgur.com/cSIuEVF.jpg	6gc83w		3	psbattle_artwork			0	2	4
3	3				woman bites camels testicles to save herself after freak encounter	1569178304.0	wbrz.com	False	d7upss			3.0	7	nottheonion	Woman bites camel’s testicles to save herself after freak encounter	1.0	1	0	0
4	4	190207.0	862707.0	trustbytrust	stargazer	1425138660.0		True	cozywbv	http://i.imgur.com/BruWKDi.jpg	2xct9d		3	psbattle_artwork	stargazer 		0	2	4
5	5			confession_SS	driving scares me a few little kittens down a couple of months of sobriety and lost him twice	1562529504.0	self.SubredditSimulator	False	cab6hd			19.0	2	subredditsimulator	Driving scares me a few little kittens down a couple of months of sobriety and lost him twice	0.76	0	2	3
6	6	166543.0	761030.0		yeah	1438172995.0		True	ctk61yw	http://i.imgur.com/JRZT727.jpg	3f0h7o		2	psbattle_artwork	yeah		0	2	4
7	7				penn jillette says trump apprentice tapes exist i was in the room	1534270384.0	hollywoodreporter.com	False	97apof			0.0	15	usnews	"Penn Jillette Says Trump 'Apprentice' Tapes Exist: ""I Was in the Room"""	0.83	1	0	0
8	8	115358.0	534592.0	ApiContraption		1468386409.0		True	d5a88bt	http://i.imgur.com/Lq2OUtU%2ejpg	4slg2a		1	psbattle_artwork			0	2	4
